id,first_name,last_name,email,gender,ip_address
1,Earl,Turner,eturner0@webmd.com,Male,27.171.121.0
2,Julia,Robinson,jrobinson1@instagram.com,Female,144.154.31.124
3,Janice,Lawson,jlawson2@hatena.ne.jp,Female,221.141.176.99
4,Chris,Hunter,chunter3@marriott.com,Male,200.19.97.123
5,Matthew,Fuller,mfuller4@stumbleupon.com,Male,177.109.50.208
6,Paula,Perry,pperry5@addthis.com,Female,82.11.163.35
7,Stephen,Mcdonald,smcdonald6@flickr.com,Male,155.215.166.86
8,Joshua,Nguyen,jnguyen7@themeforest.net,Male,176.14.179.145
9,Ernest,Morgan,emorgan8@gmpg.org,Male,213.151.225.161
10,Chris,Burke,cburke9@soundcloud.com,Male,168.238.143.120
11,Arthur,Scott,ascotta@google.de,Male,13.95.135.44
12,Ashley,Fuller,afullerb@ed.gov,Female,98.179.14.155
13,Willie,Robertson,wrobertsonc@hp.com,Male,190.143.236.179
14,Sean,Kelly,skellyd@qq.com,Male,186.142.172.150
15,Andrea,Henderson,ahendersone@smugmug.com,Female,196.112.72.12
16,Margaret,Rose,mrosef@zimbio.com,Female,0.184.78.25
17,Antonio,King,akingg@netvibes.com,Male,63.6.148.243
18,Emily,Duncan,eduncanh@webmd.com,Female,214.33.61.189
19,Earl,Harvey,eharveyi@columbia.edu,Male,141.156.200.224
20,Rebecca,Rivera,rriveraj@w3.org,Female,221.176.211.22
21,Richard,Holmes,rholmesk@howstuffworks.com,Male,205.136.98.9
22,Keith,Fowler,kfowlerl@unicef.org,Male,92.235.166.4
23,Ronald,Ray,rraym@google.es,Male,20.238.162.128
24,Eric,Castillo,ecastillon@liveinternet.ru,Male,208.23.165.130
25,Steve,Simpson,ssimpsono@usatoday.com,Male,42.35.243.177
26,Eugene,Phillips,ephillipsp@example.com,Male,31.104.177.146
27,Joan,Bradley,jbradleyq@accuweather.com,Female,157.203.20.255
28,Karen,Richards,krichardsr@fotki.com,Female,132.183.18.195
29,Debra,Simmons,dsimmonss@geocities.jp,Female,201.11.127.121
30,Julia,Scott,jscottt@archive.org,Female,57.24.255.119
31,Virginia,Clark,vclarku@forbes.com,Female,190.71.216.4
32,Jose,Garza,jgarzav@shop-pro.jp,Male,242.179.246.35
33,Maria,Henderson,mhendersonw@artisteer.com,Female,74.168.122.40
34,Amanda,Castillo,acastillox@netvibes.com,Female,205.64.45.186
35,Stephanie,Carroll,scarrolly@newyorker.com,Female,40.116.152.120
36,Edward,Washington,ewashingtonz@theguardian.com,Male,87.53.166.243
37,Christine,Bowman,cbowman10@prlog.org,Female,99.90.245.201
38,Nicholas,Fox,nfox11@topsy.com,Male,75.24.41.91
39,Karen,Gutierrez,kgutierrez12@stanford.edu,Female,152.2.235.120
40,Jack,Gomez,jgomez13@geocities.jp,Male,147.38.164.154
41,Elizabeth,Richardson,erichardson14@java.com,Female,31.245.30.86
42,Gregory,Burns,gburns15@wired.com,Male,131.164.144.85
43,Bobby,Hill,bhill16@php.net,Male,142.73.117.231
44,Judy,Dean,jdean17@who.int,Female,185.122.159.143
45,Linda,King,lking18@youku.com,Female,171.96.213.193
46,Rachel,Howell,rhowell19@4shared.com,Female,28.92.140.254
47,Jose,Richardson,jrichardson1a@va.gov,Male,17.110.80.184
48,Diane,Daniels,ddaniels1b@bandcamp.com,Female,151.17.242.208
49,Virginia,Moore,vmoore1c@vinaora.com,Female,42.20.98.165
50,Justin,Porter,jporter1d@google.ru,Male,58.69.71.129
51,Susan,Howell,showell1e@multiply.com,Female,186.51.181.244
52,Betty,Grant,bgrant1f@vkontakte.ru,Female,118.246.142.7
53,Keith,Kennedy,kkennedy1g@blogtalkradio.com,Male,205.55.246.215
54,Katherine,Marshall,kmarshall1h@sciencedaily.com,Female,191.126.128.92
55,Howard,Brown,hbrown1i@reverbnation.com,Male,45.62.252.61
56,Benjamin,Kennedy,bkennedy1j@mapquest.com,Male,150.247.40.125
57,Rebecca,Gilbert,rgilbert1k@google.ca,Female,92.240.49.182
58,Linda,Jackson,ljackson1l@mediafire.com,Female,51.154.156.15
59,Keith,Armstrong,karmstrong1m@eventbrite.com,Male,161.97.94.199
60,Maria,Payne,mpayne1n@photobucket.com,Female,4.250.113.216
61,Ann,Thompson,athompson1o@mozilla.com,Female,224.156.8.245
62,Steve,Walker,swalker1p@japanpost.jp,Male,15.224.57.135
63,Janet,Burton,jburton1q@networkadvertising.org,Female,47.48.35.21
64,Arthur,Cox,acox1r@icq.com,Male,235.109.208.7
65,Sean,Gomez,sgomez1s@ezinearticles.com,Male,28.83.151.208
66,Martha,Wilson,mwilson1t@homestead.com,Female,19.64.14.170
67,Amy,Webb,awebb1u@mapy.cz,Female,108.36.5.101
68,Alan,Hawkins,ahawkins1v@domainmarket.com,Male,194.107.32.61
69,Ashley,Palmer,apalmer1w@angelfire.com,Female,42.151.69.50
70,Louis,Spencer,lspencer1x@hibu.com,Male,9.236.178.74
71,Raymond,Evans,revans1y@odnoklassniki.ru,Male,60.98.197.190
72,Annie,Payne,apayne1z@wp.com,Female,189.133.73.36
73,Eric,Alvarez,ealvarez20@ow.ly,Male,123.124.155.230
74,Ruby,Snyder,rsnyder21@tinyurl.com,Female,145.139.49.115
75,Sarah,Carter,scarter22@cloudflare.com,Female,163.156.149.74
76,Alan,Morales,amorales23@infoseek.co.jp,Male,234.26.2.124
77,Nicholas,Hamilton,nhamilton24@npr.org,Male,45.143.173.96
78,Jean,Armstrong,jarmstrong25@drupal.org,Female,13.146.215.41
79,Charles,Moore,cmoore26@theglobeandmail.com,Male,228.148.190.91
80,Patricia,Russell,prussell27@soup.io,Female,246.82.213.192
81,Shirley,Woods,swoods28@scribd.com,Female,71.219.136.59
82,Evelyn,Gonzalez,egonzalez29@cdc.gov,Female,81.176.97.33
83,Phyllis,Hall,phall2a@uol.com.br,Female,238.85.229.143
84,Angela,Franklin,afranklin2b@ycombinator.com,Female,122.24.248.84
85,Lori,Wagner,lwagner2c@arstechnica.com,Female,20.131.49.110
86,Alan,Palmer,apalmer2d@arstechnica.com,Male,25.194.167.50
87,Martha,Oliver,moliver2e@acquirethisname.com,Female,227.99.201.123
88,William,Dean,wdean2f@altervista.org,Male,150.86.169.187
89,Eugene,Rose,erose2g@opensource.org,Male,11.87.139.4
90,Wanda,Shaw,wshaw2h@usnews.com,Female,12.93.29.168
91,Norma,Mccoy,nmccoy2i@bing.com,Female,218.20.150.31
92,Janice,Hernandez,jhernandez2j@senate.gov,Female,247.121.73.245
93,Tina,Fields,tfields2k@omniture.com,Female,3.113.249.86
94,Heather,Gutierrez,hgutierrez2l@hexun.com,Female,110.69.242.59
95,Marie,Parker,mparker2m@google.co.jp,Female,225.238.74.155
96,Randy,Mitchell,rmitchell2n@harvard.edu,Male,99.53.220.254
97,Maria,Chavez,mchavez2o@fotki.com,Female,31.189.195.84
98,Eugene,Perkins,eperkins2p@163.com,Male,213.255.51.222
99,Juan,Welch,jwelch2q@acquirethisname.com,Male,239.132.180.216
100,Eugene,Lopez,elopez2r@exblog.jp,Male,178.58.72.41
101,Albert,James,ajames2s@nature.com,Male,110.239.93.159
102,Albert,Mccoy,amccoy2t@paginegialle.it,Male,142.126.198.16
103,Eric,Harvey,eharvey2u@mysql.com,Male,17.30.45.149
104,Jimmy,Barnes,jbarnes2v@bloomberg.com,Male,94.26.119.7
105,Earl,Dean,edean2w@chron.com,Male,44.62.118.106
106,Patricia,Hunt,phunt2x@sitemeter.com,Female,54.21.77.210
107,Paula,Franklin,pfranklin2y@vkontakte.ru,Female,143.15.108.143
108,Elizabeth,Ortiz,eortiz2z@washington.edu,Female,22.96.96.65
109,Paul,Coleman,pcoleman30@i2i.jp,Male,154.234.92.28
110,Mark,Robertson,mrobertson31@businessinsider.com,Male,215.131.29.72
111,Frances,Mitchell,fmitchell32@list-manage.com,Female,135.20.170.229
112,Barbara,Fowler,bfowler33@eepurl.com,Female,161.96.1.168
113,Edward,Nguyen,enguyen34@go.com,Male,161.239.178.137
114,Joan,Murphy,jmurphy35@salon.com,Female,81.197.3.45
115,George,Ryan,gryan36@is.gd,Male,47.123.77.134
116,Bruce,Richardson,brichardson37@engadget.com,Male,186.4.56.193
117,John,Ward,jward38@ehow.com,Male,19.194.239.244
118,Justin,Riley,jriley39@fema.gov,Male,239.59.147.14
119,Eric,Patterson,epatterson3a@netscape.com,Male,63.252.18.153
120,Anthony,Arnold,aarnold3b@vimeo.com,Male,69.107.177.147
121,Beverly,Miller,bmiller3c@jalbum.net,Female,252.114.43.36
122,Scott,Hunt,shunt3d@blog.com,Male,99.52.8.172
123,Evelyn,Gomez,egomez3e@tripod.com,Female,239.153.225.89
124,David,Weaver,dweaver3f@seesaa.net,Male,106.44.174.131
125,Daniel,Sullivan,dsullivan3g@opera.com,Male,25.204.168.245
126,Stephen,Hill,shill3h@woothemes.com,Male,39.174.236.44
127,Bruce,Reid,breid3i@yandex.ru,Male,64.156.212.228
128,Cheryl,Woods,cwoods3j@icio.us,Female,170.124.41.255
129,Juan,Boyd,jboyd3k@squidoo.com,Male,192.35.65.6
130,Linda,Wilson,lwilson3l@macromedia.com,Female,65.74.0.58
131,Sean,Fuller,sfuller3m@whitehouse.gov,Male,15.130.132.111
132,Dennis,Harvey,dharvey3n@macromedia.com,Male,27.195.73.147
133,Nancy,Cook,ncook3o@spiegel.de,Female,17.111.52.141
134,Jeremy,Gonzales,jgonzales3p@facebook.com,Male,94.74.218.121
135,Lisa,Hansen,lhansen3q@yellowbook.com,Female,134.102.183.21
136,Gregory,Miller,gmiller3r@bbb.org,Male,82.172.239.65
137,Teresa,Cook,tcook3s@mail.ru,Female,49.219.210.53
138,Johnny,Wallace,jwallace3t@foxnews.com,Male,30.164.238.8
139,Carlos,Snyder,csnyder3u@gnu.org,Male,16.126.176.88
140,Wanda,Garrett,wgarrett3v@forbes.com,Female,90.11.69.9
141,Benjamin,White,bwhite3w@vkontakte.ru,Male,4.190.223.229
142,Philip,Lopez,plopez3x@oaic.gov.au,Male,136.188.250.252
143,Jean,Taylor,jtaylor3y@stumbleupon.com,Female,168.47.227.59
144,James,Wright,jwright3z@omniture.com,Male,89.84.143.45
145,Rose,Perry,rperry40@yahoo.com,Female,190.186.253.114
146,Earl,Pierce,epierce41@wp.com,Male,149.29.85.215
147,Terry,Watkins,twatkins42@yahoo.co.jp,Male,34.255.144.228
148,Alan,Lopez,alopez43@networkadvertising.org,Male,8.98.164.74
149,Brandon,Brown,bbrown44@freewebs.com,Male,12.27.118.2
150,Debra,Moreno,dmoreno45@merriam-webster.com,Female,65.46.253.168
151,Joan,Sullivan,jsullivan46@sitemeter.com,Female,41.178.142.221
152,William,Carroll,wcarroll47@geocities.jp,Male,44.111.250.41
153,Shawn,Barnes,sbarnes48@icio.us,Male,128.176.37.207
154,Amy,Owens,aowens49@skype.com,Female,164.43.122.29
155,Shawn,Knight,sknight4a@godaddy.com,Male,218.161.34.47
156,Marilyn,Torres,mtorres4b@ucoz.com,Female,36.216.65.120
157,Sharon,Fisher,sfisher4c@topsy.com,Female,65.6.129.222
158,Alan,Hamilton,ahamilton4d@mail.ru,Male,19.86.57.21
159,Kelly,Hughes,khughes4e@furl.net,Female,128.96.122.86
160,Charles,Castillo,ccastillo4f@wikipedia.org,Male,229.94.4.52
161,Brandon,Foster,bfoster4g@earthlink.net,Male,216.95.155.44
162,Brian,Marshall,bmarshall4h@over-blog.com,Male,38.20.246.144
163,James,Medina,jmedina4i@wunderground.com,Male,39.243.169.84
164,Raymond,Webb,rwebb4j@cafepress.com,Male,156.129.153.203
165,Jeremy,Montgomery,jmontgomery4k@is.gd,Male,51.163.100.166
166,Albert,Ramos,aramos4l@cisco.com,Male,210.154.22.45
167,Johnny,Gomez,jgomez4m@google.es,Male,230.95.84.102
168,Joseph,Rivera,jrivera4n@amazonaws.com,Male,144.143.97.29
169,Albert,Morrison,amorrison4o@usgs.gov,Male,103.31.203.154
170,Amanda,Jackson,ajackson4p@cnn.com,Female,204.126.23.52
171,Carol,Murray,cmurray4q@sciencedirect.com,Female,136.103.163.2
172,Louise,Shaw,lshaw4r@networkadvertising.org,Female,114.143.67.202
173,Rose,Castillo,rcastillo4s@umich.edu,Female,94.216.156.116
174,Kathleen,Ward,kward4t@theglobeandmail.com,Female,223.221.199.129
175,Howard,Burke,hburke4u@meetup.com,Male,92.96.162.118
176,Edward,Greene,egreene4v@nps.gov,Male,159.23.233.129
177,Marilyn,Chavez,mchavez4w@time.com,Female,76.237.226.47
178,Adam,Kennedy,akennedy4x@aol.com,Male,53.39.88.162
179,Johnny,Sanders,jsanders4y@sciencedaily.com,Male,28.192.35.96
180,Jeffrey,Franklin,jfranklin4z@diigo.com,Male,115.241.93.132
181,Phyllis,Ramos,pramos50@chronoengine.com,Female,15.14.129.33
182,Edward,Bryant,ebryant51@utexas.edu,Male,228.235.247.8
183,Jeremy,Schmidt,jschmidt52@cdbaby.com,Male,126.165.137.103
184,William,Burton,wburton53@sbwire.com,Male,106.12.97.236
185,Cheryl,Snyder,csnyder54@aol.com,Female,135.171.12.235
186,Martha,Bradley,mbradley55@howstuffworks.com,Female,83.208.77.64
187,Jesse,Harrison,jharrison56@arstechnica.com,Male,67.236.107.36
188,Jose,Fisher,jfisher57@who.int,Male,151.171.234.154
189,Julie,Hayes,jhayes58@reuters.com,Female,185.29.25.6
190,Janet,Elliott,jelliott59@chronoengine.com,Female,237.160.158.203
191,Justin,Miller,jmiller5a@cnet.com,Male,224.242.150.100
192,Christine,Simpson,csimpson5b@barnesandnoble.com,Female,75.177.48.112
193,Lawrence,Fox,lfox5c@godaddy.com,Male,77.131.197.119
194,Douglas,Rogers,drogers5d@mozilla.com,Male,102.64.154.137
195,Cheryl,Wright,cwright5e@yandex.ru,Female,93.78.9.234
196,Eugene,Kennedy,ekennedy5f@ning.com,Male,137.170.131.121
197,John,Hill,jhill5g@delicious.com,Male,239.117.20.94
198,Earl,Mendoza,emendoza5h@comcast.net,Male,224.99.245.23
199,Irene,Franklin,ifranklin5i@cpanel.net,Female,202.159.197.77
200,Samuel,Graham,sgraham5j@e-recht24.de,Male,67.52.38.210
201,Christine,Dean,cdean5k@amazon.co.jp,Female,54.58.254.168
202,Jerry,Harris,jharris5l@dyndns.org,Male,13.90.252.63
203,Thomas,Hudson,thudson5m@usda.gov,Male,56.24.151.147
204,Evelyn,Lee,elee5n@myspace.com,Female,207.69.234.40
205,Barbara,Adams,badams5o@eepurl.com,Female,105.141.0.124
206,Andrea,Knight,aknight5p@weather.com,Female,15.234.165.22
207,Elizabeth,Wheeler,ewheeler5q@cloudflare.com,Female,213.9.82.67
208,Helen,Black,hblack5r@alexa.com,Female,226.73.29.238
209,Denise,Lane,dlane5s@oakley.com,Female,10.214.24.137
210,Ernest,Frazier,efrazier5t@jugem.jp,Male,77.207.15.12
211,Frank,Lawrence,flawrence5u@linkedin.com,Male,222.250.188.1
212,Dennis,Nguyen,dnguyen5v@imdb.com,Male,220.174.252.168
213,Jerry,Jackson,jjackson5w@list-manage.com,Male,66.54.40.164
214,Deborah,Hernandez,dhernandez5x@last.fm,Female,255.190.56.154
215,Todd,Austin,taustin5y@msu.edu,Male,11.155.62.14
216,Donald,White,dwhite5z@theguardian.com,Male,198.40.103.120
217,Anthony,Gomez,agomez60@unc.edu,Male,7.209.126.202
218,Benjamin,Reynolds,breynolds61@unesco.org,Male,130.134.112.19
219,Eugene,Holmes,eholmes62@cpanel.net,Male,36.91.241.149
220,Amanda,Berry,aberry63@wsj.com,Female,162.99.47.144
221,Arthur,Cunningham,acunningham64@springer.com,Male,88.27.48.34
222,Jerry,Foster,jfoster65@histats.com,Male,87.137.137.224
223,Albert,Vasquez,avasquez66@sogou.com,Male,229.147.79.215
224,Amy,Hawkins,ahawkins67@blinklist.com,Female,233.124.200.210
225,Victor,Howard,vhoward68@sourceforge.net,Male,3.239.30.142
226,Ronald,Nichols,rnichols69@github.io,Male,5.43.199.174
227,Ernest,Harris,eharris6a@adobe.com,Male,112.14.157.30
228,Kevin,Reed,kreed6b@stumbleupon.com,Male,60.149.125.227
229,Emily,Warren,ewarren6c@blogger.com,Female,227.16.36.202
230,Betty,Pierce,bpierce6d@google.nl,Female,177.178.234.185
231,Gary,Johnston,gjohnston6e@springer.com,Male,117.44.210.12
232,Jeremy,Wood,jwood6f@psu.edu,Male,17.203.118.100
233,Sean,Perry,sperry6g@mozilla.com,Male,47.217.230.189
234,Teresa,Burns,tburns6h@unesco.org,Female,206.90.194.251
235,Terry,Richardson,trichardson6i@weebly.com,Male,9.56.166.213
236,Wanda,Andrews,wandrews6j@issuu.com,Female,165.234.63.137
237,Rose,Spencer,rspencer6k@hud.gov,Female,50.98.77.225
238,Laura,Meyer,lmeyer6l@huffingtonpost.com,Female,66.131.142.147
239,Louis,Simmons,lsimmons6m@imageshack.us,Male,185.169.6.249
240,Jacqueline,Palmer,jpalmer6n@cnbc.com,Female,142.38.221.119
241,Theresa,White,twhite6o@exblog.jp,Female,7.84.88.228
242,Benjamin,Rice,brice6p@mac.com,Male,70.162.96.133
243,Margaret,Bryant,mbryant6q@apache.org,Female,128.141.81.253
244,Timothy,Hansen,thansen6r@examiner.com,Male,37.196.132.229
245,Jack,Chavez,jchavez6s@weibo.com,Male,176.155.251.175
246,Richard,Wilson,rwilson6t@oaic.gov.au,Male,178.190.54.193
247,Ruth,Hudson,rhudson6u@php.net,Female,178.187.212.204
248,Jonathan,Morgan,jmorgan6v@nationalgeographic.com,Male,152.190.18.223
249,Stephen,Welch,swelch6w@blog.com,Male,48.28.83.29
250,Charles,Mills,cmills6x@goodreads.com,Male,68.136.15.17
251,Keith,Dunn,kdunn6y@furl.net,Male,107.155.6.188
252,Christina,Fields,cfields6z@techcrunch.com,Female,146.47.38.9
253,Lawrence,Cunningham,lcunningham70@yellowpages.com,Male,184.211.5.148
254,Denise,Evans,devans71@stumbleupon.com,Female,113.51.65.143
255,Ralph,Morgan,rmorgan72@vimeo.com,Male,135.32.176.72
256,Deborah,Thompson,dthompson73@oracle.com,Female,227.52.106.1
257,Johnny,Johnston,jjohnston74@zdnet.com,Male,61.133.42.23
258,Christina,Fuller,cfuller75@chron.com,Female,250.52.11.242
259,Nicholas,Romero,nromero76@stumbleupon.com,Male,65.111.22.91
260,Joan,Burton,jburton77@un.org,Female,47.255.98.187
261,Evelyn,James,ejames78@statcounter.com,Female,183.73.206.145
262,Phillip,King,pking79@bloglines.com,Male,14.52.83.90
263,James,Jordan,jjordan7a@examiner.com,Male,67.112.156.134
264,Walter,Perkins,wperkins7b@cisco.com,Male,217.120.130.139
265,Kelly,Jordan,kjordan7c@spotify.com,Female,243.36.122.220
266,Sarah,Nelson,snelson7d@mashable.com,Female,62.135.168.23
267,Louis,Hudson,lhudson7e@privacy.gov.au,Male,24.31.230.237
268,Keith,Reid,kreid7f@weebly.com,Male,192.232.255.133
269,Annie,Moore,amoore7g@google.ca,Female,81.11.147.180
270,Bruce,Peterson,bpeterson7h@meetup.com,Male,141.199.247.148
271,Jeffrey,Sanchez,jsanchez7i@foxnews.com,Male,126.141.204.13
272,Victor,Butler,vbutler7j@google.de,Male,237.100.209.2
273,Roger,Russell,rrussell7k@usa.gov,Male,192.206.222.219
274,Aaron,Watkins,awatkins7l@taobao.com,Male,199.232.40.41
275,Juan,Crawford,jcrawford7m@surveymonkey.com,Male,110.28.22.208
276,Jerry,Russell,jrussell7n@bandcamp.com,Male,202.219.152.182
277,David,George,dgeorge7o@so-net.ne.jp,Male,135.137.123.199
278,Walter,Rivera,wrivera7p@gmpg.org,Male,160.137.99.212
279,Steven,Mitchell,smitchell7q@unblog.fr,Male,222.24.2.133
280,John,Carr,jcarr7r@tumblr.com,Male,131.216.115.38
281,Kathryn,Gilbert,kgilbert7s@flavors.me,Female,47.237.137.115
282,Janet,Sullivan,jsullivan7t@desdev.cn,Female,100.203.56.205
283,Sharon,Ross,sross7u@twitter.com,Female,187.121.220.19
284,Terry,Lawrence,tlawrence7v@virginia.edu,Male,254.45.225.134
285,Jerry,Banks,jbanks7w@vistaprint.com,Male,142.65.15.171
286,Alan,Roberts,aroberts7x@free.fr,Male,135.253.177.163
287,Lois,Black,lblack7y@google.nl,Female,119.254.58.51
288,Barbara,Snyder,bsnyder7z@pbs.org,Female,59.123.205.239
289,Amanda,Larson,alarson80@vistaprint.com,Female,151.5.121.50
290,Judy,Willis,jwillis81@bloglovin.com,Female,102.21.203.195
291,Douglas,Mendoza,dmendoza82@nhs.uk,Male,104.107.146.72
292,Lawrence,Bennett,lbennett83@craigslist.org,Male,149.38.22.43
293,Judith,Hawkins,jhawkins84@vinaora.com,Female,38.73.73.25
294,Ruth,Richardson,rrichardson85@vinaora.com,Female,34.13.54.103
295,Lisa,Ramirez,lramirez86@plala.or.jp,Female,99.178.135.209
296,Karen,Austin,kaustin87@fotki.com,Female,13.92.123.202
297,Shirley,Richards,srichards88@alexa.com,Female,29.67.62.144
298,Russell,Green,rgreen89@e-recht24.de,Male,61.209.95.201
299,Matthew,Kelly,mkelly8a@jalbum.net,Male,150.183.156.248
300,Pamela,Lawson,plawson8b@businessweek.com,Female,102.17.19.92
301,Phyllis,Cole,pcole8c@state.gov,Female,119.148.244.153
302,Donald,Carr,dcarr8d@squidoo.com,Male,138.168.43.144
303,Martin,Berry,mberry8e@hao123.com,Male,139.175.223.60
304,Donna,Mendoza,dmendoza8f@pcworld.com,Female,204.34.226.44
305,Mary,Edwards,medwards8g@miitbeian.gov.cn,Female,60.63.79.145
306,Aaron,Lawson,alawson8h@360.cn,Male,137.225.194.36
307,Brandon,Hawkins,bhawkins8i@oakley.com,Male,90.168.238.120
308,Judith,Butler,jbutler8j@nature.com,Female,165.17.73.134
309,Ralph,Gibson,rgibson8k@blinklist.com,Male,224.49.186.215
310,Terry,Allen,tallen8l@netvibes.com,Male,190.243.102.253
311,Karen,Jenkins,kjenkins8m@npr.org,Female,34.160.97.109
312,Benjamin,Taylor,btaylor8n@prlog.org,Male,55.218.246.184
313,Beverly,Dunn,bdunn8o@fema.gov,Female,8.163.230.56
314,Robin,Rose,rrose8p@gravatar.com,Female,236.116.74.228
315,Rebecca,Jones,rjones8q@ucsd.edu,Female,156.11.83.115
316,Andrew,Bryant,abryant8r@house.gov,Male,23.184.77.31
317,Lois,Carter,lcarter8s@fc2.com,Female,249.76.4.249
318,Karen,Hughes,khughes8t@nba.com,Female,20.107.235.68
319,Roy,Sims,rsims8u@domainmarket.com,Male,202.86.44.148
320,Nancy,Franklin,nfranklin8v@bbc.co.uk,Female,177.219.56.6
321,Jimmy,Young,jyoung8w@photobucket.com,Male,191.106.136.222
322,Wayne,Hunt,whunt8x@cbc.ca,Male,42.203.162.215
323,Christine,Daniels,cdaniels8y@irs.gov,Female,242.196.94.124
324,Gloria,Sanders,gsanders8z@admin.ch,Female,212.218.13.46
325,Janice,Robertson,jrobertson90@histats.com,Female,212.65.148.224
326,Andrew,Dunn,adunn91@hugedomains.com,Male,45.135.16.25
327,Sharon,Rice,srice92@multiply.com,Female,249.176.134.211
328,Todd,Black,tblack93@live.com,Male,201.84.199.93
329,Debra,Baker,dbaker94@etsy.com,Female,180.20.96.90
330,Martha,Mitchell,mmitchell95@goodreads.com,Female,65.147.4.69
331,Anna,Myers,amyers96@cyberchimps.com,Female,2.249.29.224
332,Maria,Carroll,mcarroll97@godaddy.com,Female,214.219.165.138
333,Gloria,Crawford,gcrawford98@booking.com,Female,251.28.16.225
334,Janet,Robinson,jrobinson99@biglobe.ne.jp,Female,68.193.224.226
335,Russell,Wagner,rwagner9a@usatoday.com,Male,143.246.145.105
336,Kathryn,Willis,kwillis9b@mozilla.com,Female,208.175.14.68
337,Andrew,Montgomery,amontgomery9c@pinterest.com,Male,1.253.169.53
338,Nicholas,Wheeler,nwheeler9d@webmd.com,Male,254.90.159.135
339,Gerald,Parker,gparker9e@sbwire.com,Male,58.71.150.124
340,Ralph,Weaver,rweaver9f@toplist.cz,Male,54.165.240.32
341,Tina,Patterson,tpatterson9g@sfgate.com,Female,142.126.170.85
342,Harold,Olson,holson9h@answers.com,Male,1.150.170.118
343,Aaron,Morales,amorales9i@ucoz.ru,Male,119.90.183.203
344,Martha,Frazier,mfrazier9j@statcounter.com,Female,145.161.73.126
345,Joyce,Collins,jcollins9k@cbslocal.com,Female,145.218.89.114
346,Phillip,Hunt,phunt9l@feedburner.com,Male,105.23.162.64
347,Rachel,Chapman,rchapman9m@angelfire.com,Female,30.106.230.241
348,Judy,Marshall,jmarshall9n@mapy.cz,Female,25.49.66.232
349,Walter,Castillo,wcastillo9o@intel.com,Male,229.48.149.221
350,Billy,Kennedy,bkennedy9p@usnews.com,Male,52.147.216.154
351,Jennifer,Gonzalez,jgonzalez9q@eventbrite.com,Female,130.16.34.121
352,Lillian,Wells,lwells9r@microsoft.com,Female,175.2.20.115
353,Robin,Burton,rburton9s@qq.com,Female,82.177.59.238
354,Katherine,Fox,kfox9t@ucoz.ru,Female,29.73.56.40
355,Samuel,Thomas,sthomas9u@reference.com,Male,232.156.13.248
356,Nancy,Hart,nhart9v@flavors.me,Female,175.74.20.58
357,Nicholas,Peters,npeters9w@rakuten.co.jp,Male,123.229.198.222
358,Theresa,Allen,tallen9x@feedburner.com,Female,126.2.95.165
359,Jose,Ruiz,jruiz9y@irs.gov,Male,204.49.8.164
360,Heather,Burns,hburns9z@economist.com,Female,99.203.98.118
361,Robert,Williamson,rwilliamsona0@fema.gov,Male,234.35.192.13
362,Irene,Fisher,ifishera1@artisteer.com,Female,223.61.70.252
363,Edward,Wallace,ewallacea2@scientificamerican.com,Male,252.2.194.139
364,Jessica,Ellis,jellisa3@google.cn,Female,207.52.151.54
365,Louise,Sullivan,lsullivana4@engadget.com,Female,29.23.137.93
366,Marie,Smith,msmitha5@webs.com,Female,92.139.119.108
367,Kenneth,Greene,kgreenea6@meetup.com,Male,189.177.152.230
368,Melissa,Jenkins,mjenkinsa7@weebly.com,Female,16.47.181.150
369,Michelle,Garza,mgarzaa8@uol.com.br,Female,154.227.135.94
370,Larry,Garrett,lgarretta9@apache.org,Male,146.128.124.185
371,David,Allen,dallenaa@ucla.edu,Male,77.191.18.0
372,Philip,Bennett,pbennettab@cocolog-nifty.com,Male,17.164.19.120
373,Wanda,Collins,wcollinsac@nbcnews.com,Female,118.248.114.247
374,Jean,Dean,jdeanad@cbslocal.com,Female,67.91.249.186
375,Patricia,Gray,pgrayae@youtu.be,Female,129.216.148.170
376,Victor,Bryant,vbryantaf@businesswire.com,Male,53.233.119.249
377,Alice,Bowman,abowmanag@microsoft.com,Female,156.45.252.204
378,Robin,Grant,rgrantah@sourceforge.net,Female,95.7.72.79
379,Ruby,Harris,rharrisai@bbc.co.uk,Female,155.42.171.156
380,Diane,Hicks,dhicksaj@cpanel.net,Female,130.120.55.184
381,Kelly,Ray,krayak@lulu.com,Female,110.36.67.63
382,Arthur,Frazier,afrazieral@bbc.co.uk,Male,32.14.134.175
383,Larry,Kelley,lkelleyam@linkedin.com,Male,86.41.128.68
384,Judith,Fowler,jfowleran@usgs.gov,Female,132.161.232.190
385,Kathy,Price,kpriceao@nymag.com,Female,163.108.231.202
386,Patricia,Hughes,phughesap@technorati.com,Female,63.44.188.102
387,Ruby,Stephens,rstephensaq@mac.com,Female,117.17.247.205
388,Donald,Larson,dlarsonar@techcrunch.com,Male,173.29.42.136
389,Catherine,Lane,claneas@spotify.com,Female,137.44.188.44
390,Phillip,Ward,pwardat@shutterfly.com,Male,58.234.187.93
391,Douglas,Cole,dcoleau@sakura.ne.jp,Male,85.78.32.235
392,Frances,Edwards,fedwardsav@blinklist.com,Female,187.45.179.149
393,Cheryl,Kim,ckimaw@japanpost.jp,Female,46.208.68.19
394,Doris,Lopez,dlopezax@t.co,Female,8.204.159.68
395,Matthew,Andrews,mandrewsay@yellowpages.com,Male,202.214.110.28
396,Diane,Lopez,dlopezaz@statcounter.com,Female,146.36.199.175
397,Billy,Coleman,bcolemanb0@example.com,Male,230.15.81.177
398,Betty,Franklin,bfranklinb1@washington.edu,Female,109.171.242.3
399,Harold,Hudson,hhudsonb2@furl.net,Male,131.216.70.237
400,Fred,Reed,freedb3@hp.com,Male,3.156.12.100
401,John,Reyes,jreyesb4@newsvine.com,Male,107.72.63.149
402,Mark,Stephens,mstephensb5@skype.com,Male,246.124.128.108
403,Steve,Henderson,shendersonb6@wp.com,Male,226.255.51.47
404,Donald,Bishop,dbishopb7@msn.com,Male,15.148.162.80
405,Heather,Morris,hmorrisb8@printfriendly.com,Female,213.232.149.166
406,Nancy,Washington,nwashingtonb9@disqus.com,Female,109.172.95.67
407,Juan,Reynolds,jreynoldsba@dedecms.com,Male,250.1.201.150
408,Carolyn,Gardner,cgardnerbb@cargocollective.com,Female,99.9.41.60
409,Ernest,Garza,egarzabc@histats.com,Male,206.171.99.219
410,Diana,Cook,dcookbd@t.co,Female,165.135.192.151
411,Ruby,Green,rgreenbe@gizmodo.com,Female,251.40.36.159
412,Douglas,Reed,dreedbf@symantec.com,Male,82.55.123.11
413,Roger,Black,rblackbg@cnet.com,Male,105.4.50.10
414,Judith,Kelly,jkellybh@cbsnews.com,Female,143.158.148.247
415,John,Woods,jwoodsbi@nymag.com,Male,200.232.13.44
416,Carol,Stewart,cstewartbj@cnet.com,Female,189.108.75.211
417,Joan,Reynolds,jreynoldsbk@umich.edu,Female,206.254.143.190
418,Evelyn,Howard,ehowardbl@usgs.gov,Female,144.106.152.73
419,Christine,Stewart,cstewartbm@google.com.hk,Female,33.4.240.91
420,Christina,Little,clittlebn@unblog.fr,Female,174.216.59.199
421,Matthew,Wright,mwrightbo@vkontakte.ru,Male,195.86.25.24
422,Anthony,Hudson,ahudsonbp@biblegateway.com,Male,204.187.241.33
423,Denise,Hunter,dhunterbq@trellian.com,Female,70.91.18.218
424,Bobby,Johnson,bjohnsonbr@fda.gov,Male,132.252.75.207
425,Jesse,Meyer,jmeyerbs@irs.gov,Male,204.88.21.140
426,Jason,Ramirez,jramirezbt@pbs.org,Male,188.113.10.194
427,Anna,James,ajamesbu@networkadvertising.org,Female,104.214.134.11
428,Debra,Berry,dberrybv@xinhuanet.com,Female,25.216.180.176
429,Catherine,Turner,cturnerbw@biglobe.ne.jp,Female,217.90.34.97
430,Sandra,Edwards,sedwardsbx@prnewswire.com,Female,255.0.25.71
431,Bonnie,Kennedy,bkennedyby@cisco.com,Female,57.60.29.251
432,Melissa,Sanchez,msanchezbz@scientificamerican.com,Female,227.57.116.108
433,Beverly,Simmons,bsimmonsc0@princeton.edu,Female,118.96.141.38
434,Jacqueline,Hart,jhartc1@ibm.com,Female,91.129.152.168
435,Robin,Bradley,rbradleyc2@timesonline.co.uk,Female,18.111.170.73
436,Wanda,Warren,wwarrenc3@merriam-webster.com,Female,254.202.50.9
437,Sharon,Cunningham,scunninghamc4@ted.com,Female,233.113.71.122
438,Ryan,Kennedy,rkennedyc5@umn.edu,Male,102.96.148.161
439,Lisa,Cooper,lcooperc6@networkadvertising.org,Female,154.82.150.55
440,Pamela,Griffin,pgriffinc7@sciencedirect.com,Female,230.52.174.75
441,Johnny,Stevens,jstevensc8@yandex.ru,Male,88.182.219.6
442,Victor,Knight,vknightc9@cmu.edu,Male,127.106.146.156
443,Juan,Hudson,jhudsonca@i2i.jp,Male,143.118.92.10
444,Benjamin,Chapman,bchapmancb@patch.com,Male,168.91.33.182
445,Rachel,Dean,rdeancc@ameblo.jp,Female,176.165.230.27
446,Emily,Moreno,emorenocd@taobao.com,Female,174.82.206.202
447,Timothy,Hudson,thudsonce@privacy.gov.au,Male,104.61.73.218
448,Justin,Gomez,jgomezcf@rediff.com,Male,82.122.164.26
449,Beverly,Little,blittlecg@hubpages.com,Female,202.154.113.251
450,Donald,Shaw,dshawch@jimdo.com,Male,213.243.148.25
451,Melissa,Ryan,mryanci@typepad.com,Female,235.103.72.74
452,Benjamin,Ray,braycj@blogs.com,Male,81.180.223.151
453,Thomas,Montgomery,tmontgomeryck@squarespace.com,Male,162.38.65.139
454,Jeremy,Armstrong,jarmstrongcl@hugedomains.com,Male,50.44.229.74
455,Brian,James,bjamescm@hexun.com,Male,198.3.103.245
456,Bonnie,Dixon,bdixoncn@simplemachines.org,Female,38.46.46.55
457,Beverly,Harvey,bharveyco@themeforest.net,Female,67.195.130.82
458,Chris,Crawford,ccrawfordcp@blogger.com,Male,137.176.243.15
459,Billy,Sullivan,bsullivancq@123-reg.co.uk,Male,194.133.31.189
460,Shirley,Ramos,sramoscr@sbwire.com,Female,41.181.242.99
461,Dennis,Gonzales,dgonzalescs@cdbaby.com,Male,229.207.252.118
462,Walter,Thompson,wthompsonct@yahoo.com,Male,219.251.73.135
463,Louis,Medina,lmedinacu@elpais.com,Male,156.89.227.25
464,Earl,Fuller,efullercv@marketwatch.com,Male,249.234.221.0
465,Howard,Little,hlittlecw@ocn.ne.jp,Male,77.157.232.164
466,Sara,Campbell,scampbellcx@comcast.net,Female,181.13.111.33
467,Brandon,Ross,brosscy@ted.com,Male,185.154.144.25
468,Theresa,Williams,twilliamscz@economist.com,Female,148.136.161.153
469,Johnny,Carter,jcarterd0@hhs.gov,Male,8.229.120.188
470,Victor,Palmer,vpalmerd1@ftc.gov,Male,47.180.78.225
471,Craig,Robertson,crobertsond2@shutterfly.com,Male,9.54.183.248
472,Kenneth,Lawson,klawsond3@who.int,Male,25.123.154.180
473,Emily,Fuller,efullerd4@a8.net,Female,210.99.185.78
474,Kathleen,Garrett,kgarrettd5@kickstarter.com,Female,48.130.15.254
475,Randy,Ferguson,rfergusond6@mlb.com,Male,79.38.3.48
476,Billy,Hill,bhilld7@cmu.edu,Male,172.18.191.30
477,Lawrence,Foster,lfosterd8@amazonaws.com,Male,123.56.126.78
478,Annie,Mccoy,amccoyd9@yahoo.com,Female,48.250.199.214
479,Frances,Gutierrez,fgutierrezda@phpbb.com,Female,12.55.70.78
480,Carolyn,Morales,cmoralesdb@whitehouse.gov,Female,163.33.145.78
481,Norma,Reynolds,nreynoldsdc@ft.com,Female,26.159.100.22
482,Doris,Dixon,ddixondd@bing.com,Female,66.181.2.139
483,Russell,Diaz,rdiazde@phoca.cz,Male,94.116.243.250
484,Tina,Stewart,tstewartdf@hao123.com,Female,147.6.133.113
485,Donna,Boyd,dboyddg@exblog.jp,Female,224.94.27.36
486,Wanda,Duncan,wduncandh@yelp.com,Female,0.117.199.186
487,Phyllis,Ellis,pellisdi@google.co.uk,Female,186.145.205.165
488,Larry,Garcia,lgarciadj@sitemeter.com,Male,43.239.27.47
489,Keith,Fox,kfoxdk@networkadvertising.org,Male,138.206.161.247
490,Carol,Cooper,ccooperdl@google.ca,Female,28.26.73.191
491,Laura,Young,lyoungdm@time.com,Female,69.8.236.164
492,Kelly,Reyes,kreyesdn@latimes.com,Female,248.193.185.8
493,Harold,Vasquez,hvasquezdo@diigo.com,Male,16.44.56.146
494,Ann,Owens,aowensdp@irs.gov,Female,117.48.165.228
495,Jose,Olson,jolsondq@europa.eu,Male,194.200.23.105
496,Terry,Elliott,telliottdr@moonfruit.com,Male,109.126.216.184
497,Nicholas,Williams,nwilliamsds@blinklist.com,Male,96.24.237.203
498,Anne,Powell,apowelldt@japanpost.jp,Female,16.200.75.18
499,Helen,Burke,hburkedu@free.fr,Female,218.87.116.218
500,Laura,Campbell,lcampbelldv@pen.io,Female,1.130.72.63
501,Ralph,Adams,radamsdw@yelp.com,Male,10.6.217.131
502,Albert,Murray,amurraydx@blogs.com,Male,242.31.169.195
503,Janice,Wheeler,jwheelerdy@hexun.com,Female,225.208.92.190
504,Jennifer,Walker,jwalkerdz@walmart.com,Female,209.72.103.68
505,Denise,Turner,dturnere0@examiner.com,Female,190.80.17.24
506,Mary,Brown,mbrowne1@slashdot.org,Female,67.80.60.172
507,Carl,Hicks,chickse2@hatena.ne.jp,Male,130.4.255.28
508,Ryan,Rogers,rrogerse3@jugem.jp,Male,13.49.80.121
509,Brenda,West,bweste4@wikispaces.com,Female,98.208.207.218
510,Russell,Palmer,rpalmere5@time.com,Male,99.186.178.59
511,Sharon,Grant,sgrante6@whitehouse.gov,Female,116.223.1.101
512,Rose,Nelson,rnelsone7@google.com.br,Female,46.158.232.80
513,Joyce,Garrett,jgarrette8@ca.gov,Female,182.167.114.153
514,Anna,Reynolds,areynoldse9@desdev.cn,Female,189.85.154.124
515,Adam,Bishop,abishopea@gnu.org,Male,97.106.142.116
516,Chris,Weaver,cweavereb@sogou.com,Male,248.201.67.204
517,Jennifer,Stephens,jstephensec@time.com,Female,47.54.53.73
518,Donald,Hudson,dhudsoned@spiegel.de,Male,91.16.100.132
519,Terry,Spencer,tspenceree@dyndns.org,Male,96.64.122.169
520,Christopher,Wagner,cwagneref@oracle.com,Male,250.164.108.143
521,Martha,Wallace,mwallaceeg@usatoday.com,Female,186.209.147.209
522,Joan,Adams,jadamseh@sphinn.com,Female,235.251.159.225
523,Clarence,Diaz,cdiazei@dion.ne.jp,Male,161.64.51.248
524,Albert,Alvarez,aalvarezej@yellowbook.com,Male,33.168.116.181
525,Roger,Snyder,rsnyderek@xrea.com,Male,147.101.82.163
526,Karen,West,kwestel@naver.com,Female,56.107.127.63
527,Joan,Armstrong,jarmstrongem@ihg.com,Female,140.206.26.226
528,Shirley,Powell,spowellen@timesonline.co.uk,Female,214.221.46.238
529,Antonio,Hart,aharteo@eventbrite.com,Male,5.141.16.135
530,Lois,Garcia,lgarciaep@simplemachines.org,Female,249.63.220.61
531,Bruce,Fowler,bfowlereq@nationalgeographic.com,Male,107.156.11.88
532,Scott,Pierce,spierceer@adobe.com,Male,94.208.119.244
533,Brian,Cunningham,bcunninghames@techcrunch.com,Male,194.33.143.233
534,Martin,Carter,mcarteret@bloomberg.com,Male,136.118.218.85
535,Carl,Willis,cwilliseu@state.tx.us,Male,213.128.114.242
536,Richard,Burton,rburtonev@netscape.com,Male,174.172.168.202
537,Steve,Shaw,sshawew@narod.ru,Male,163.194.158.219
538,Eugene,Rogers,erogersex@shinystat.com,Male,2.158.90.126
539,Jeremy,Freeman,jfreemaney@google.com.br,Male,247.118.131.16
540,Louis,Lewis,llewisez@gravatar.com,Male,103.7.47.236
541,Gerald,Lawson,glawsonf0@mayoclinic.com,Male,91.183.245.229
542,Susan,Howard,showardf1@comcast.net,Female,217.19.113.29
543,Irene,Burton,iburtonf2@mashable.com,Female,158.24.166.100
544,Timothy,Mccoy,tmccoyf3@infoseek.co.jp,Male,205.123.61.85
545,Nicole,Mcdonald,nmcdonaldf4@tiny.cc,Female,88.63.90.220
546,Theresa,Hughes,thughesf5@plala.or.jp,Female,101.9.174.126
547,Janice,Lopez,jlopezf6@photobucket.com,Female,16.186.173.43
548,Andrea,Carr,acarrf7@economist.com,Female,14.5.232.140
549,Todd,Murphy,tmurphyf8@wp.com,Male,22.60.42.92
550,Eugene,Spencer,espencerf9@desdev.cn,Male,113.226.29.12
551,George,Bell,gbellfa@statcounter.com,Male,23.34.136.89
552,Catherine,Adams,cadamsfb@plala.or.jp,Female,223.55.177.144
553,Michelle,Sims,msimsfc@netlog.com,Female,203.42.0.215
554,Alice,Dixon,adixonfd@google.fr,Female,39.188.177.14
555,Ann,Rogers,arogersfe@miitbeian.gov.cn,Female,153.241.93.126
556,Antonio,Lawrence,alawrenceff@vimeo.com,Male,249.119.70.219
557,Kathleen,Garza,kgarzafg@cam.ac.uk,Female,173.243.138.170
558,Billy,Reid,breidfh@wikimedia.org,Male,35.58.163.138
559,Jose,Gordon,jgordonfi@example.com,Male,185.29.38.164
560,Sandra,Carter,scarterfj@cmu.edu,Female,118.40.27.134
561,Tammy,Wood,twoodfk@economist.com,Female,87.119.3.126
562,Willie,Watson,wwatsonfl@tamu.edu,Male,96.137.250.253
563,David,Lopez,dlopezfm@vkontakte.ru,Male,109.90.74.205
564,Jonathan,Matthews,jmatthewsfn@oaic.gov.au,Male,64.101.114.73
565,Kathleen,Ramirez,kramirezfo@hugedomains.com,Female,67.91.71.90
566,Melissa,Cunningham,mcunninghamfp@rakuten.co.jp,Female,166.140.146.50
567,Anna,Reed,areedfq@ibm.com,Female,150.205.5.116
568,Jerry,George,jgeorgefr@tumblr.com,Male,136.208.164.233
569,Angela,Fields,afieldsfs@nytimes.com,Female,56.50.157.132
570,Timothy,Palmer,tpalmerft@infoseek.co.jp,Male,178.21.4.73
571,Doris,Garrett,dgarrettfu@istockphoto.com,Female,181.180.124.32
572,Nancy,Rogers,nrogersfv@craigslist.org,Female,73.186.13.29
573,Rose,Lawson,rlawsonfw@unblog.fr,Female,118.251.17.151
574,Brandon,Chavez,bchavezfx@sitemeter.com,Male,43.36.5.230
575,Robert,Hanson,rhansonfy@hubpages.com,Male,17.96.19.135
576,Phillip,King,pkingfz@cpanel.net,Male,205.145.105.154
577,Sean,Montgomery,smontgomeryg0@godaddy.com,Male,136.155.5.199
578,Rebecca,Garza,rgarzag1@newsvine.com,Female,175.212.214.174
579,Richard,Nichols,rnicholsg2@shareasale.com,Male,34.187.238.25
580,Doris,Perkins,dperkinsg3@sina.com.cn,Female,171.91.10.36
581,Laura,Scott,lscottg4@spiegel.de,Female,176.70.232.226
582,Scott,Gordon,sgordong5@imgur.com,Male,151.48.40.30
583,George,Fields,gfieldsg6@techcrunch.com,Male,5.94.245.55
584,Barbara,Flores,bfloresg7@xing.com,Female,92.246.49.28
585,Craig,Burns,cburnsg8@who.int,Male,99.86.205.156
586,Eugene,Willis,ewillisg9@auda.org.au,Male,144.197.173.122
587,Benjamin,Chapman,bchapmanga@boston.com,Male,209.63.142.110
588,Benjamin,Duncan,bduncangb@dailymotion.com,Male,236.14.251.73
589,Keith,Adams,kadamsgc@epa.gov,Male,235.89.61.67
590,Diane,Spencer,dspencergd@wunderground.com,Female,94.116.196.166
591,Elizabeth,Pierce,epiercege@economist.com,Female,134.57.202.44
592,Helen,Mason,hmasongf@bigcartel.com,Female,75.178.249.200
593,Timothy,Davis,tdavisgg@chron.com,Male,54.168.228.56
594,Douglas,Collins,dcollinsgh@vk.com,Male,28.195.162.245
595,Albert,Howell,ahowellgi@dot.gov,Male,170.198.167.29
596,Harry,Olson,holsongj@freewebs.com,Male,77.86.252.230
597,Cheryl,Sanchez,csanchezgk@army.mil,Female,144.47.25.114
598,Jessica,Ramirez,jramirezgl@hostgator.com,Female,89.200.112.173
599,Samuel,Montgomery,smontgomerygm@stanford.edu,Male,225.163.144.70
600,Joyce,Dixon,jdixongn@wikispaces.com,Female,106.172.6.136
601,Judith,Fuller,jfullergo@imdb.com,Female,21.25.242.67
602,Lillian,Williams,lwilliamsgp@phpbb.com,Female,62.194.150.188
603,Kimberly,Griffin,kgriffingq@hp.com,Female,165.33.238.42
604,Antonio,Henderson,ahendersongr@rakuten.co.jp,Male,88.141.73.192
605,Judy,Burton,jburtongs@bloglines.com,Female,246.68.129.57
606,Timothy,Lawson,tlawsongt@vinaora.com,Male,185.211.4.224
607,Christopher,Pierce,cpiercegu@ucoz.com,Male,163.53.251.116
608,Gregory,Welch,gwelchgv@bloomberg.com,Male,68.164.182.69
609,Amy,Holmes,aholmesgw@umn.edu,Female,122.115.51.239
610,Amanda,Jackson,ajacksongx@privacy.gov.au,Female,130.53.83.179
611,Michelle,Jenkins,mjenkinsgy@microsoft.com,Female,76.164.163.166
612,Nancy,Watkins,nwatkinsgz@google.pl,Female,227.168.232.160
613,Deborah,Wright,dwrighth0@time.com,Female,155.232.72.146
614,John,Hunt,jhunth1@example.com,Male,166.217.246.148
615,Alice,Hawkins,ahawkinsh2@about.com,Female,178.74.138.91
616,Juan,Garza,jgarzah3@google.com.au,Male,1.105.126.90
617,Debra,Peterson,dpetersonh4@simplemachines.org,Female,122.21.146.45
618,Jonathan,Long,jlongh5@wunderground.com,Male,106.182.227.87
619,Brenda,Greene,bgreeneh6@jalbum.net,Female,159.154.62.32
620,Linda,Long,llongh7@java.com,Female,224.124.228.190
621,Lawrence,Mason,lmasonh8@discuz.net,Male,228.176.166.237
622,Jennifer,Marshall,jmarshallh9@prweb.com,Female,4.55.35.112
623,Amanda,Mendoza,amendozaha@hibu.com,Female,133.2.94.225
624,Gloria,Hernandez,ghernandezhb@myspace.com,Female,33.119.96.164
625,Diana,Ward,dwardhc@microsoft.com,Female,169.107.96.190
626,Sharon,Cunningham,scunninghamhd@auda.org.au,Female,195.115.39.206
627,Carolyn,Rodriguez,crodriguezhe@about.me,Female,98.140.225.110
628,Jesse,Lynch,jlynchhf@hibu.com,Male,75.85.221.225
629,Mark,Lane,mlanehg@fotki.com,Male,127.227.182.205
630,Theresa,Meyer,tmeyerhh@storify.com,Female,51.187.30.209
631,Lillian,Elliott,lelliotthi@flickr.com,Female,228.61.64.162
632,Edward,Shaw,eshawhj@bbc.co.uk,Male,148.59.236.133
633,Lillian,Sanchez,lsanchezhk@yelp.com,Female,121.94.80.75
634,Doris,Ray,drayhl@youku.com,Female,37.243.166.25
635,Rose,Holmes,rholmeshm@usatoday.com,Female,19.210.253.186
636,Margaret,Williams,mwilliamshn@sina.com.cn,Female,134.43.235.133
637,Teresa,Stephens,tstephensho@blinklist.com,Female,170.230.167.222
638,Theresa,Grant,tgranthp@whitehouse.gov,Female,161.154.125.5
639,Kathleen,Knight,kknighthq@seesaa.net,Female,32.28.217.97
640,Clarence,Morrison,cmorrisonhr@friendfeed.com,Male,46.217.211.0
641,Kathleen,Murphy,kmurphyhs@bloglines.com,Female,211.104.36.141
642,Cynthia,Black,cblackht@hao123.com,Female,10.91.206.15
643,Marilyn,Harper,mharperhu@gmpg.org,Female,72.169.182.176
644,Nicholas,Ruiz,nruizhv@geocities.jp,Male,112.97.97.170
645,Bobby,Fowler,bfowlerhw@alibaba.com,Male,20.37.176.160
646,Lois,Jackson,ljacksonhx@businessweek.com,Female,162.73.203.75
647,Jimmy,Anderson,jandersonhy@un.org,Male,243.238.142.161
648,Katherine,Fields,kfieldshz@cisco.com,Female,54.77.206.35
649,Jane,Ramirez,jramirezi0@china.com.cn,Female,252.45.79.188
650,Norma,Chavez,nchavezi1@nps.gov,Female,194.100.196.180
651,Donald,Edwards,dedwardsi2@360.cn,Male,166.194.90.21
652,Patricia,Allen,palleni3@forbes.com,Female,50.75.14.186
653,Paul,Burton,pburtoni4@is.gd,Male,178.133.236.149
654,Patricia,Lane,planei5@godaddy.com,Female,93.168.129.213
655,Doris,Mason,dmasoni6@constantcontact.com,Female,149.243.136.35
656,Earl,Welch,ewelchi7@bravesites.com,Male,28.178.98.211
657,Peter,Spencer,pspenceri8@goo.ne.jp,Male,165.53.167.147
658,Jane,Clark,jclarki9@bloglines.com,Female,215.186.154.254
659,Terry,Cunningham,tcunninghamia@who.int,Male,135.24.76.246
660,Doris,Jones,djonesib@ycombinator.com,Female,70.67.194.8
661,Emily,Stephens,estephensic@dailymotion.com,Female,248.120.12.103
662,Mark,Edwards,medwardsid@wufoo.com,Male,111.31.216.66
663,Jonathan,Bradley,jbradleyie@hp.com,Male,224.186.154.188
664,Carolyn,Williamson,cwilliamsonif@admin.ch,Female,72.76.224.43
665,Ruth,Thompson,rthompsonig@typepad.com,Female,95.39.39.242
666,Anna,Anderson,aandersonih@constantcontact.com,Female,17.254.240.133
667,Douglas,Walker,dwalkerii@japanpost.jp,Male,109.138.165.174
668,Kevin,Grant,kgrantij@lycos.com,Male,39.63.55.77
669,Carlos,Kennedy,ckennedyik@reddit.com,Male,62.25.71.10
670,Paula,Armstrong,parmstrongil@narod.ru,Female,248.243.106.13
671,Joe,Franklin,jfranklinim@sun.com,Male,31.78.88.93
672,Mark,Perry,mperryin@about.me,Male,4.112.73.13
673,Chris,Wheeler,cwheelerio@printfriendly.com,Male,129.71.99.170
674,Joshua,Bishop,jbishopip@craigslist.org,Male,143.165.7.224
675,Robert,Carr,rcarriq@ca.gov,Male,144.206.140.168
676,Helen,Warren,hwarrenir@moonfruit.com,Female,52.15.22.164
677,Andrew,Henry,ahenryis@umn.edu,Male,193.8.22.165
678,Karen,Bailey,kbaileyit@nifty.com,Female,239.207.192.187
679,Julia,Medina,jmedinaiu@miibeian.gov.cn,Female,187.189.11.126
680,Clarence,Ryan,cryaniv@sphinn.com,Male,254.122.134.78
681,Nancy,Rose,nroseiw@topsy.com,Female,30.235.111.211
682,Theresa,Andrews,tandrewsix@webmd.com,Female,224.144.41.152
683,Aaron,Lewis,alewisiy@yandex.ru,Male,74.117.190.53
684,Andrew,Richards,arichardsiz@shutterfly.com,Male,184.95.107.134
685,Lisa,Daniels,ldanielsj0@bluehost.com,Female,176.101.225.47
686,Johnny,Austin,jaustinj1@unesco.org,Male,192.192.247.58
687,Andrew,Reyes,areyesj2@patch.com,Male,67.44.204.157
688,Aaron,Larson,alarsonj3@g.co,Male,240.193.92.44
689,Bruce,Harrison,bharrisonj4@smh.com.au,Male,95.72.119.10
690,Julie,Jones,jjonesj5@blinklist.com,Female,184.161.222.14
691,Kathleen,Bowman,kbowmanj6@t.co,Female,57.227.146.117
692,Terry,Tucker,ttuckerj7@webs.com,Male,90.45.94.72
693,Kathryn,Ramos,kramosj8@gravatar.com,Female,244.48.75.232
694,Nicole,Russell,nrussellj9@squarespace.com,Female,151.112.146.36
695,Ernest,Harrison,eharrisonja@jimdo.com,Male,107.94.68.135
696,Victor,Lee,vleejb@cnet.com,Male,182.166.164.18
697,Wanda,Dean,wdeanjc@pbs.org,Female,177.141.195.92
698,Kenneth,Fox,kfoxjd@cyberchimps.com,Male,72.106.23.213
699,Roger,Spencer,rspencerje@odnoklassniki.ru,Male,40.82.245.212
700,Stephanie,Garcia,sgarciajf@arizona.edu,Female,82.76.117.77
701,Bobby,Lewis,blewisjg@google.cn,Male,21.13.177.209
702,Todd,Harrison,tharrisonjh@google.es,Male,142.127.153.255
703,Richard,Castillo,rcastilloji@youtube.com,Male,239.171.186.111
704,Helen,Taylor,htaylorjj@gizmodo.com,Female,93.82.168.78
705,Todd,George,tgeorgejk@state.gov,Male,82.236.232.13
706,Peter,Mason,pmasonjl@people.com.cn,Male,240.108.100.128
707,Kevin,Kennedy,kkennedyjm@gizmodo.com,Male,87.203.83.58
708,Douglas,Holmes,dholmesjn@state.gov,Male,63.143.142.123
709,Ryan,Marshall,rmarshalljo@vistaprint.com,Male,170.218.41.226
710,Sean,Dean,sdeanjp@wisc.edu,Male,139.167.99.132
711,Robert,Thompson,rthompsonjq@theguardian.com,Male,213.247.182.149
712,Carlos,Wagner,cwagnerjr@google.nl,Male,13.224.63.106
713,Anthony,Parker,aparkerjs@jigsy.com,Male,54.218.234.137
714,Jason,Alexander,jalexanderjt@reddit.com,Male,213.33.165.47
715,Shirley,Gray,sgrayju@imdb.com,Female,230.6.234.220
716,Jane,Hill,jhilljv@mtv.com,Female,68.173.195.146
717,Roy,Butler,rbutlerjw@dropbox.com,Male,68.151.138.186
718,Phillip,Romero,promerojx@cnbc.com,Male,95.224.233.106
719,Kathleen,Hart,khartjy@spotify.com,Female,37.44.193.148
720,Cheryl,Harvey,charveyjz@unc.edu,Female,63.66.125.72
721,Kathy,Sanders,ksandersk0@goo.ne.jp,Female,96.7.145.254
722,Jonathan,Armstrong,jarmstrongk1@who.int,Male,223.242.125.166
723,Eugene,Little,elittlek2@globo.com,Male,230.225.17.227
724,Kathy,Wright,kwrightk3@delicious.com,Female,21.212.169.67
725,Mark,Grant,mgrantk4@cisco.com,Male,150.208.25.144
726,Howard,Brooks,hbrooksk5@fc2.com,Male,51.63.41.68
727,Frances,Meyer,fmeyerk6@technorati.com,Female,147.137.220.248
728,Doris,Ellis,dellisk7@usatoday.com,Female,126.44.166.56
729,Theresa,Oliver,toliverk8@state.tx.us,Female,140.111.223.176
730,Eugene,Sanders,esandersk9@ucla.edu,Male,184.213.242.216
731,Willie,Taylor,wtaylorka@angelfire.com,Male,195.92.156.58
732,Russell,Sullivan,rsullivankb@si.edu,Male,238.74.218.37
733,Kenneth,Carter,kcarterkc@harvard.edu,Male,200.214.128.17
734,Martha,Howard,mhowardkd@businessinsider.com,Female,252.27.239.187
735,Shawn,Boyd,sboydke@hubpages.com,Male,29.40.125.72
736,Timothy,Rodriguez,trodriguezkf@ezinearticles.com,Male,179.176.70.104
737,Daniel,Alvarez,dalvarezkg@blogspot.com,Male,147.217.136.36
738,Katherine,James,kjameskh@digg.com,Female,206.239.245.91
739,Timothy,Black,tblackki@artisteer.com,Male,247.70.50.3
740,Patrick,Simmons,psimmonskj@rambler.ru,Male,189.195.10.26
741,Scott,Phillips,sphillipskk@t-online.de,Male,3.176.229.108
742,Randy,Banks,rbankskl@tmall.com,Male,8.76.199.166
743,Bonnie,Hunter,bhunterkm@ovh.net,Female,68.245.194.80
744,Janet,Fields,jfieldskn@cnbc.com,Female,157.75.157.5
745,Jesse,Butler,jbutlerko@noaa.gov,Male,70.77.193.168
746,Willie,Foster,wfosterkp@nytimes.com,Male,203.217.125.69
747,Juan,Simpson,jsimpsonkq@latimes.com,Male,128.163.32.127
748,Russell,Carr,rcarrkr@nsw.gov.au,Male,147.32.158.69
749,Robert,Berry,rberryks@geocities.jp,Male,245.7.246.120
750,Beverly,Roberts,brobertskt@dropbox.com,Female,248.200.41.11
751,Philip,Taylor,ptaylorku@hatena.ne.jp,Male,213.115.161.39
752,Mark,Sims,msimskv@homestead.com,Male,183.182.45.84
753,Samuel,Young,syoungkw@pagesperso-orange.fr,Male,41.43.143.146
754,George,Fuller,gfullerkx@photobucket.com,Male,218.139.69.73
755,Brian,Green,bgreenky@vistaprint.com,Male,140.174.131.31
756,Jeffrey,Gutierrez,jgutierrezkz@over-blog.com,Male,87.170.90.138
757,Eugene,Sanders,esandersl0@tamu.edu,Male,101.111.94.90
758,Norma,Morales,nmoralesl1@com.com,Female,27.233.14.238
759,Cynthia,Castillo,ccastillol2@irs.gov,Female,201.36.187.181
760,Sara,Pierce,spiercel3@unesco.org,Female,192.129.255.52
761,Gloria,Diaz,gdiazl4@elegantthemes.com,Female,134.5.55.119
762,Irene,Mcdonald,imcdonaldl5@hhs.gov,Female,139.210.7.219
763,Douglas,Cox,dcoxl6@oracle.com,Male,112.157.178.188
764,Jose,Bryant,jbryantl7@uiuc.edu,Male,177.232.19.141
765,Nicholas,Hall,nhalll8@pbs.org,Male,151.36.61.33
766,Andrew,Gray,agrayl9@scientificamerican.com,Male,3.0.215.146
767,Nicole,Reyes,nreyesla@free.fr,Female,118.1.94.60
768,Wayne,Turner,wturnerlb@dion.ne.jp,Male,181.214.18.145
769,Stephen,Butler,sbutlerlc@engadget.com,Male,90.58.61.173
770,Donald,Little,dlittleld@about.com,Male,132.29.253.137
771,Kathy,Washington,kwashingtonle@eventbrite.com,Female,195.231.219.54
772,Deborah,Gibson,dgibsonlf@is.gd,Female,201.127.166.211
773,Louis,Morrison,lmorrisonlg@lycos.com,Male,101.214.175.70
774,Anthony,Owens,aowenslh@goo.gl,Male,183.157.144.234
775,Mildred,Powell,mpowellli@tiny.cc,Female,51.242.80.239
776,Rebecca,Rose,rroselj@ucoz.com,Female,143.214.202.143
777,Rachel,Stephens,rstephenslk@wisc.edu,Female,42.85.216.171
778,Elizabeth,Freeman,efreemanll@sciencedaily.com,Female,53.77.128.171
779,Wanda,Bryant,wbryantlm@amazon.com,Female,210.128.58.122
780,Ronald,Roberts,rrobertsln@goo.gl,Male,69.188.251.70
781,Andrea,Taylor,ataylorlo@lulu.com,Female,63.200.105.175
782,Jean,Daniels,jdanielslp@arizona.edu,Female,6.195.194.104
783,Paul,Hughes,phugheslq@zimbio.com,Male,160.113.23.119
784,Daniel,Grant,dgrantlr@constantcontact.com,Male,107.72.254.32
785,Jeremy,Hughes,jhughesls@bloglovin.com,Male,111.120.229.128
786,Stephanie,Berry,sberrylt@wufoo.com,Female,159.89.19.18
787,Jeffrey,Willis,jwillislu@example.com,Male,230.224.54.250
788,Patricia,Alexander,palexanderlv@eepurl.com,Female,31.156.199.7
789,Tina,Andrews,tandrewslw@europa.eu,Female,237.14.68.202
790,Fred,Nelson,fnelsonlx@unicef.org,Male,252.3.196.156
791,Jason,Lopez,jlopezly@columbia.edu,Male,176.251.234.190
792,Lori,Nelson,lnelsonlz@dailymotion.com,Female,159.96.207.118
793,Julia,Henry,jhenrym0@indiatimes.com,Female,136.195.105.77
794,Frances,Willis,fwillism1@epa.gov,Female,116.110.8.156
795,Frank,Ellis,fellism2@usnews.com,Male,107.202.54.5
796,Marilyn,Olson,molsonm3@delicious.com,Female,59.137.13.148
797,Phyllis,Edwards,pedwardsm4@indiatimes.com,Female,125.206.230.122
798,Andrea,Morrison,amorrisonm5@cmu.edu,Female,106.72.229.101
799,Carlos,Scott,cscottm6@answers.com,Male,245.208.81.104
800,Billy,Bryant,bbryantm7@slashdot.org,Male,200.229.9.236
801,Jose,Vasquez,jvasquezm8@123-reg.co.uk,Male,245.97.31.191
802,Betty,Adams,badamsm9@hibu.com,Female,191.6.22.153
803,Dorothy,Simmons,dsimmonsma@ucoz.ru,Female,16.174.121.138
804,Jack,Mendoza,jmendozamb@hc360.com,Male,118.47.104.219
805,Jose,Snyder,jsnydermc@mysql.com,Male,142.93.180.141
806,Jose,Kelley,jkelleymd@globo.com,Male,69.94.42.192
807,Pamela,Butler,pbutlerme@ustream.tv,Female,4.224.17.16
808,Timothy,Green,tgreenmf@blogger.com,Male,10.179.96.219
809,Jacqueline,Griffin,jgriffinmg@pinterest.com,Female,61.151.247.253
810,Ernest,Wright,ewrightmh@tuttocitta.it,Male,106.142.231.157
811,Carlos,Butler,cbutlermi@theatlantic.com,Male,168.53.232.88
812,Lori,Stewart,lstewartmj@cnn.com,Female,161.169.38.168
813,Carlos,Palmer,cpalmermk@who.int,Male,89.16.3.193
814,Lisa,Martinez,lmartinezml@stumbleupon.com,Female,22.246.187.141
815,Jonathan,Lee,jleemm@state.gov,Male,158.215.113.247
816,Scott,Lee,sleemn@mail.ru,Male,221.187.52.227
817,Annie,Ray,araymo@vistaprint.com,Female,21.235.36.94
818,Jerry,Ramirez,jramirezmp@techcrunch.com,Male,251.0.13.247
819,Denise,Moore,dmooremq@123-reg.co.uk,Female,18.25.116.45
820,Dorothy,Kelley,dkelleymr@dailymotion.com,Female,39.178.127.222
821,Brenda,Day,bdayms@lulu.com,Female,39.171.177.143
822,David,Long,dlongmt@histats.com,Male,196.139.8.114
823,George,Larson,glarsonmu@ehow.com,Male,185.6.139.202
824,Norma,Jackson,njacksonmv@seattletimes.com,Female,196.0.75.34
825,Antonio,Rice,aricemw@artisteer.com,Male,216.146.225.183
826,Kathleen,Bennett,kbennettmx@altervista.org,Female,180.5.55.8
827,Richard,Taylor,rtaylormy@github.io,Male,170.20.69.39
828,Andrea,Montgomery,amontgomerymz@istockphoto.com,Female,245.226.23.174
829,Deborah,Robinson,drobinsonn0@europa.eu,Female,178.21.143.229
830,Norma,Green,ngreenn1@disqus.com,Female,94.148.18.164
831,Emily,Lane,elanen2@amazon.de,Female,82.252.234.227
832,Diane,Hill,dhilln3@nasa.gov,Female,206.5.52.254
833,Dorothy,Ramos,dramosn4@dropbox.com,Female,250.142.202.252
834,Keith,Butler,kbutlern5@ocn.ne.jp,Male,94.38.192.175
835,Louise,Hayes,lhayesn6@goo.gl,Female,112.152.151.87
836,Anthony,Shaw,ashawn7@globo.com,Male,238.168.164.114
837,Joan,Black,jblackn8@furl.net,Female,244.49.115.40
838,Linda,Peters,lpetersn9@360.cn,Female,90.100.156.46
839,Cynthia,Crawford,ccrawfordna@uol.com.br,Female,150.234.147.38
840,Angela,Stewart,astewartnb@163.com,Female,232.123.198.29
841,Chris,Ellis,cellisnc@ow.ly,Male,103.153.20.135
842,Eugene,Fisher,efishernd@about.com,Male,178.173.66.158
843,Janice,Gonzalez,jgonzalezne@sfgate.com,Female,104.77.171.165
844,Frances,Fowler,ffowlernf@fema.gov,Female,82.120.165.138
845,Jerry,Knight,jknightng@rakuten.co.jp,Male,173.204.164.4
846,Brenda,Warren,bwarrennh@is.gd,Female,182.113.14.239
847,Theresa,Bishop,tbishopni@nhs.uk,Female,75.35.28.212
848,Sean,Woods,swoodsnj@webeden.co.uk,Male,39.10.252.252
849,Henry,Kennedy,hkennedynk@ehow.com,Male,137.140.141.232
850,Sarah,Fields,sfieldsnl@go.com,Female,184.204.145.86
851,Lillian,Ferguson,lfergusonnm@ask.com,Female,219.212.51.56
852,Terry,Hayes,thayesnn@sphinn.com,Male,214.88.158.244
853,Paul,Brooks,pbrooksno@eepurl.com,Male,48.75.224.89
854,Phillip,Fox,pfoxnp@ebay.co.uk,Male,183.198.234.27
855,Betty,Murray,bmurraynq@vk.com,Female,249.167.91.146
856,Joan,Franklin,jfranklinnr@domainmarket.com,Female,134.68.124.227
857,Donald,Ruiz,druizns@reverbnation.com,Male,225.167.181.170
858,Kevin,Oliver,kolivernt@moonfruit.com,Male,234.82.171.53
859,Marilyn,White,mwhitenu@about.me,Female,15.139.238.72
860,Sarah,Medina,smedinanv@huffingtonpost.com,Female,126.83.115.179
861,Amanda,Larson,alarsonnw@behance.net,Female,221.3.137.149
862,Matthew,Lewis,mlewisnx@ebay.co.uk,Male,196.158.54.53
863,Maria,Gonzales,mgonzalesny@storify.com,Female,162.223.215.5
864,Jane,Harvey,jharveynz@tuttocitta.it,Female,51.90.133.7
865,Larry,West,lwesto0@state.gov,Male,46.159.18.23
866,Carol,Brooks,cbrookso1@aol.com,Female,240.74.121.58
867,Steven,Romero,sromeroo2@vk.com,Male,12.158.121.15
868,William,Lopez,wlopezo3@economist.com,Male,56.68.58.93
869,Melissa,Hill,mhillo4@scribd.com,Female,7.40.210.64
870,Todd,Green,tgreeno5@auda.org.au,Male,100.197.163.229
871,Daniel,Owens,dowenso6@uiuc.edu,Male,63.173.54.245
872,Kenneth,Collins,kcollinso7@google.fr,Male,108.219.28.124
873,Brenda,Anderson,bandersono8@jimdo.com,Female,10.77.115.18
874,Ernest,Jacobs,ejacobso9@arstechnica.com,Male,116.141.250.187
875,Martin,Wells,mwellsoa@surveymonkey.com,Male,182.228.129.220
876,Gloria,Watkins,gwatkinsob@narod.ru,Female,223.192.144.2
877,Joyce,Robinson,jrobinsonoc@youtube.com,Female,19.252.62.205
878,Amy,Walker,awalkerod@netvibes.com,Female,201.250.64.105
879,Bruce,Little,blittleoe@hao123.com,Male,189.177.176.226
880,Tina,Hudson,thudsonof@whitehouse.gov,Female,222.30.247.183
881,Michael,Johnston,mjohnstonog@google.co.jp,Male,136.22.73.167
882,Ryan,Shaw,rshawoh@goo.gl,Male,91.2.24.71
883,Ruby,Wood,rwoodoi@google.co.jp,Female,156.170.20.202
884,Melissa,Perez,mperezoj@admin.ch,Female,82.7.134.79
885,Wayne,Parker,wparkerok@ucoz.ru,Male,84.63.3.65
886,Brandon,Gonzales,bgonzalesol@dmoz.org,Male,45.26.175.119
887,Timothy,Hunt,thuntom@discuz.net,Male,222.231.242.5
888,Ernest,Hall,ehallon@sciencedirect.com,Male,229.113.33.249
889,Craig,Meyer,cmeyeroo@statcounter.com,Male,13.118.200.192
890,James,Lee,jleeop@tripod.com,Male,181.105.60.82
891,Barbara,Hudson,bhudsonoq@imageshack.us,Female,36.229.254.92
892,Rose,Gray,rgrayor@opera.com,Female,119.1.72.172
893,Joe,Martinez,jmartinezos@cyberchimps.com,Male,42.95.156.78
894,Harry,Reyes,hreyesot@people.com.cn,Male,188.195.208.84
895,Janice,Bryant,jbryantou@slate.com,Female,13.51.11.182
896,Timothy,George,tgeorgeov@bizjournals.com,Male,94.99.127.67
897,George,Arnold,garnoldow@mysql.com,Male,5.122.28.2
898,Nancy,White,nwhiteox@so-net.ne.jp,Female,130.102.235.52
899,Annie,Patterson,apattersonoy@yandex.ru,Female,12.9.241.8
900,Carolyn,Jordan,cjordanoz@independent.co.uk,Female,157.103.254.187
901,Lillian,Holmes,lholmesp0@rambler.ru,Female,230.219.117.156
902,Shirley,Thomas,sthomasp1@freewebs.com,Female,245.206.250.54
903,Terry,Green,tgreenp2@gnu.org,Male,105.208.212.216
904,Shirley,Thompson,sthompsonp3@fastcompany.com,Female,56.170.104.229
905,Eric,Simpson,esimpsonp4@symantec.com,Male,180.65.111.76
906,Joshua,Banks,jbanksp5@wisc.edu,Male,22.166.178.41
907,Howard,Washington,hwashingtonp6@tuttocitta.it,Male,200.6.85.127
908,Linda,Day,ldayp7@slate.com,Female,218.239.65.36
909,Martin,Dixon,mdixonp8@cnbc.com,Male,234.112.106.157
910,Jennifer,Chavez,jchavezp9@flickr.com,Female,231.169.225.150
911,Katherine,Hill,khillpa@sciencedirect.com,Female,255.244.147.4
912,Fred,Torres,ftorrespb@hc360.com,Male,65.228.213.53
913,Jennifer,Henderson,jhendersonpc@stanford.edu,Female,221.1.17.209
914,Nancy,Sims,nsimspd@vk.com,Female,103.212.178.74
915,Henry,Morgan,hmorganpe@irs.gov,Male,47.130.142.153
916,Melissa,Franklin,mfranklinpf@apache.org,Female,132.83.244.231
917,Steven,Carroll,scarrollpg@statcounter.com,Male,148.176.112.108
918,Jeremy,Sims,jsimsph@irs.gov,Male,198.163.90.186
919,Rebecca,Banks,rbankspi@eventbrite.com,Female,230.131.115.154
920,Mary,Myers,mmyerspj@goo.gl,Female,53.16.248.109
921,Betty,Stewart,bstewartpk@yellowbook.com,Female,213.124.61.84
922,Henry,Hunt,hhuntpl@dropbox.com,Male,250.219.156.7
923,Raymond,Hayes,rhayespm@smh.com.au,Male,89.47.69.232
924,Irene,Riley,irileypn@columbia.edu,Female,69.62.84.125
925,Adam,Chapman,achapmanpo@theguardian.com,Male,188.19.180.109
926,Theresa,Hanson,thansonpp@howstuffworks.com,Female,9.147.30.250
927,Theresa,Perez,tperezpq@google.nl,Female,165.255.205.128
928,Antonio,Owens,aowenspr@engadget.com,Male,21.65.119.13
929,Clarence,Andrews,candrewsps@webnode.com,Male,225.94.181.166
930,Steve,Gordon,sgordonpt@intel.com,Male,52.123.144.198
931,Adam,Watson,awatsonpu@techcrunch.com,Male,203.77.77.51
932,Margaret,Ortiz,mortizpv@cbsnews.com,Female,32.234.122.231
933,Joseph,Walker,jwalkerpw@boston.com,Male,187.226.119.79
934,Theresa,Knight,tknightpx@friendfeed.com,Female,199.21.6.14
935,Todd,Hansen,thansenpy@berkeley.edu,Male,37.209.133.180
936,Antonio,King,akingpz@ca.gov,Male,209.43.203.253
937,Harry,Lee,hleeq0@nhs.uk,Male,84.66.106.56
938,Margaret,Diaz,mdiazq1@wix.com,Female,27.73.68.140
939,Jeffrey,Bailey,jbaileyq2@scribd.com,Male,82.207.245.139
940,Angela,Ortiz,aortizq3@youtube.com,Female,252.168.130.68
941,Alan,Hill,ahillq4@gnu.org,Male,149.93.23.247
942,Arthur,Warren,awarrenq5@imdb.com,Male,137.30.85.254
943,Steven,Harris,sharrisq6@phoca.cz,Male,154.83.96.134
944,Frank,Kennedy,fkennedyq7@cloudflare.com,Male,28.100.23.164
945,Teresa,Harper,tharperq8@amazon.de,Female,57.16.123.65
946,Joyce,Austin,jaustinq9@google.com.hk,Female,132.154.54.54
947,Antonio,Carpenter,acarpenterqa@moonfruit.com,Male,227.244.157.11
948,Ernest,Ward,ewardqb@aol.com,Male,171.97.206.228
949,Maria,Banks,mbanksqc@photobucket.com,Female,239.182.55.30
950,David,Dixon,ddixonqd@fc2.com,Male,208.154.234.137
951,Carl,Martinez,cmartinezqe@fc2.com,Male,241.84.120.0
952,Kathleen,Black,kblackqf@stumbleupon.com,Female,37.28.172.59
953,Frank,Lee,fleeqg@who.int,Male,120.169.84.183
954,Alice,Carpenter,acarpenterqh@discuz.net,Female,87.182.204.136
955,Sandra,Baker,sbakerqi@shop-pro.jp,Female,112.191.29.64
956,Peter,Flores,pfloresqj@phoca.cz,Male,204.185.66.52
957,Sandra,Morris,smorrisqk@networkadvertising.org,Female,51.120.72.101
958,Diane,Bradley,dbradleyql@deviantart.com,Female,5.66.115.17
959,Cheryl,Morrison,cmorrisonqm@oakley.com,Female,137.241.33.119
960,Heather,Hart,hhartqn@house.gov,Female,88.130.211.79
961,Lori,Gomez,lgomezqo@ehow.com,Female,101.198.205.115
962,Brian,Reyes,breyesqp@sogou.com,Male,94.98.87.137
963,Carolyn,Foster,cfosterqq@cloudflare.com,Female,170.66.126.177
964,Marilyn,Olson,molsonqr@sciencedirect.com,Female,131.73.127.128
965,Kimberly,Scott,kscottqs@4shared.com,Female,115.117.72.240
966,Edward,Morgan,emorganqt@ebay.com,Male,151.6.178.109
967,Samuel,Howard,showardqu@psu.edu,Male,67.191.89.143
968,Teresa,Lewis,tlewisqv@dropbox.com,Female,75.92.212.114
969,Albert,Boyd,aboydqw@microsoft.com,Male,136.157.138.202
970,Tina,Wilson,twilsonqx@umn.edu,Female,219.2.240.145
971,Sandra,Torres,storresqy@foxnews.com,Female,113.112.193.81
972,Adam,Jackson,ajacksonqz@springer.com,Male,43.125.100.130
973,Patrick,Martin,pmartinr0@princeton.edu,Male,82.190.58.173
974,Terry,Hanson,thansonr1@wikimedia.org,Male,20.53.122.143
975,Douglas,Graham,dgrahamr2@facebook.com,Male,87.116.233.158
976,Lawrence,Butler,lbutlerr3@theatlantic.com,Male,124.50.7.234
977,Virginia,Reed,vreedr4@dmoz.org,Female,165.46.40.254
978,Ronald,Fuller,rfullerr5@slideshare.net,Male,182.56.244.27
979,Rebecca,Harris,rharrisr6@wordpress.com,Female,223.138.171.109
980,Timothy,Smith,tsmithr7@samsung.com,Male,198.53.116.91
981,John,Adams,jadamsr8@abc.net.au,Male,93.199.31.43
982,Kathy,Rice,kricer9@arstechnica.com,Female,234.10.145.106
983,Harry,Warren,hwarrenra@umn.edu,Male,8.247.32.11
984,William,Parker,wparkerrb@sfgate.com,Male,238.239.30.85
985,Peter,Vasquez,pvasquezrc@360.cn,Male,6.59.193.111
986,Billy,West,bwestrd@howstuffworks.com,Male,207.144.153.194
987,Ralph,Campbell,rcampbellre@sakura.ne.jp,Male,152.235.19.200
988,Pamela,Patterson,ppattersonrf@deliciousdays.com,Female,220.50.189.214
989,Willie,Hayes,whayesrg@wunderground.com,Male,193.84.189.147
990,Julia,Johnston,jjohnstonrh@amazonaws.com,Female,216.149.183.116
991,Mary,Wilson,mwilsonri@cloudflare.com,Female,79.153.150.162
992,Anthony,Hunt,ahuntrj@cisco.com,Male,233.167.213.167
993,Gerald,Gardner,ggardnerrk@howstuffworks.com,Male,91.132.113.125
994,Sharon,Sims,ssimsrl@stanford.edu,Female,51.82.240.201
995,Steven,Gonzales,sgonzalesrm@prnewswire.com,Male,221.106.246.31
996,Christopher,Harrison,charrisonrn@acquirethisname.com,Male,147.6.37.7
997,Michelle,Boyd,mboydro@zdnet.com,Female,229.82.22.15
998,Julia,Perry,jperryrp@bloglovin.com,Female,31.65.50.27
999,Randy,Evans,revansrq@google.com.br,Male,119.94.128.245
1000,Beverly,Robinson,brobinsonrr@e-recht24.de,Female,80.204.232.154
